symbol,arm,grade,event_id,raw_time,entry_time,exit_time,entry,stop,stop_pct,exit,exit_reason,notional,margin,actual_risk_usdt,planned_risk_usdt,gross_return,net_return,pnl_usdt,net_R,cost_R,bars_held,bar_mfe_upper_bound,bar_mae_lower_bound,confirmation_eventually_passed,tracking_class,shadow_pnl_usdt,admitted,reject_reason,equity_before,equity_before_exit,equity_after
BCHUSDT,confirmed,EXPERIMENT,BCHUSDT:2026-06-02T02:00:00+00:00,2026-06-02 02:15:00+00:00,2026-06-02 02:30:00+00:00,2026-06-02 06:30:00+00:00,290.4,282.8607142857143,0.025961727666272916,286.1,fixed_4h,385.1823780198988,7.703647560397976,10.0,10.0,-0.014807162534435148,-0.01580716253443515,-6.088640454760781,-0.6088640454760781,0.03851823780198988,16,0.008608815426997207,-0.016873278236914535,True,production,0.0,True,,1000.0,1000.0,993.9113595452392
CHILLGUYUSDT,confirmed,EXPERIMENT,CHILLGUYUSDT:2026-06-03T16:15:00+00:00,2026-06-03 16:30:00+00:00,2026-06-03 16:45:00+00:00,2026-06-03 20:45:00+00:00,0.009165,0.008905428571428571,0.028322032577351716,0.009076,fixed_4h,353.0820033021465,7.06164006604293,10.0,10.0,-0.009710856519366984,-0.010710856519366985,-3.7818106769399513,-0.3781810676939951,0.03530820033021465,16,0.04124386252045831,-0.011565739225313676,True,production,0.0,True,,993.9113595452392,993.9113595452392,990.1295488682993
SPORTFUNUSDT,confirmed,EXPERIMENT,SPORTFUNUSDT:2026-06-04T02:00:00+00:00,2026-06-04 02:15:00+00:00,2026-06-04 02:30:00+00:00,2026-06-04 06:30:00+00:00,0.05659,0.05242714285714285,0.07356170953979764,0.05806,fixed_4h,135.94028826355506,2.7188057652711013,10.0,10.0,0.025976320904753436,0.024976320904753435,3.3952882635552384,0.33952882635552384,0.013594028826355508,16,0.08817812334334696,-0.0054779996465808,True,production,0.0,True,,990.1295488682993,990.1295488682993,993.5248371318545
FLRUSDT,confirmed,EXPERIMENT,FLRUSDT:2026-06-04T22:30:00+00:00,2026-06-04 22:45:00+00:00,2026-06-04 23:00:00+00:00,2026-06-05 02:30:00+00:00,0.007096,0.006979214285714286,0.016457964245450145,0.006979214285714286,structural_stop,607.6085626911319,12.152171253822637,10.0,10.0,-0.016457964245450096,-0.017457964245450097,-10.607608562691103,-1.0607608562691102,0.06076085626911318,14,0.0035231116121758888,-0.017756482525366435,True,production,0.0,True,,993.5248371318545,993.5248371318545,982.9172285691634
1000RATSUSDT,confirmed,EXPERIMENT,1000RATSUSDT:2026-06-05T16:00:00+00:00,2026-06-05 16:15:00+00:00,2026-06-05 16:30:00+00:00,2026-06-05 19:00:00+00:00,0.02782,0.026638571428571428,0.042466878915477096,0.026638571428571428,structural_stop,235.47762998790782,4.709552599758156,10.0,10.0,-0.04246687891547707,-0.04346687891547707,-10.235477629987901,-1.0235477629987901,0.023547762998790783,10,0.011861969805895045,-0.05032350826743359,True,production,0.0,True,,982.9172285691634,982.9172285691634,972.6817509391755
SPXUSDT,confirmed,EXPERIMENT,SPXUSDT:2026-06-05T16:00:00+00:00,2026-06-05 16:15:00+00:00,2026-06-05 16:30:00+00:00,2026-06-05 20:30:00+00:00,0.28,0.2634071428571429,0.05926020408163261,0.2921,fixed_4h,168.74730951356017,3.3749461902712032,10.0,10.0,0.04321428571428565,0.04221428571428565,7.123547137322422,0.7123547137322422,0.01687473095135602,16,0.046428571428571264,-0.05500000000000005,True,production,0.0,True,,982.9172285691634,972.6817509391755,979.8052980764979
DUSKUSDT,confirmed,EXPERIMENT,DUSKUSDT:2026-06-07T08:30:00+00:00,2026-06-07 08:45:00+00:00,2026-06-07 09:00:00+00:00,2026-06-07 12:15:00+00:00,0.094,0.09213714285714286,0.019817629179331258,0.09213714285714286,structural_stop,504.6012269938663,10.092024539877325,10.0,10.0,-0.019817629179331275,-0.020817629179331276,-10.504601226993875,-1.0504601226993875,0.05046012269938663,13,0.006914893617021356,-0.021489361702127563,True,production,0.0,True,,979.8052980764979,979.8052980764979,969.3006968495041
MAVIAUSDT,confirmed,EXPERIMENT,MAVIAUSDT:2026-06-07T16:45:00+00:00,2026-06-07 17:00:00+00:00,2026-06-07 17:15:00+00:00,2026-06-07 19:15:00+00:00,0.02638,0.025719285714285715,0.02504603054261885,0.025719285714285715,structural_stop,399.26486486486516,7.985297297297303,10.0,10.0,-0.02504603054261889,-0.026046030542618892,-10.399264864864882,-1.039926486486488,0.039926486486486515,8,0.0,-0.02615617892342681,True,production,0.0,True,,969.3006968495041,969.3006968495041,958.9014319846392
GUNUSDT,confirmed,EXPERIMENT,GUNUSDT:2026-06-07T21:45:00+00:00,2026-06-07 22:00:00+00:00,2026-06-07 22:15:00+00:00,2026-06-08 02:15:00+00:00,0.006602,0.006238071428571429,0.055123988401783015,0.006878,fixed_4h,181.40922473012756,3.6281844946025514,10.0,10.0,0.041805513480763334,0.040805513480763334,7.402496565260045,0.7402496565260045,0.018140922473012758,16,0.0617994547106937,-0.017267494698576247,True,production,0.0,True,,958.9014319846392,958.9014319846392,966.3039285498993
HANAUSDT,confirmed,EXPERIMENT,HANAUSDT:2026-06-07T21:45:00+00:00,2026-06-07 22:00:00+00:00,2026-06-07 22:15:00+00:00,2026-06-08 02:15:00+00:00,0.031995,0.03126739285714286,0.02274127653874483,0.031821,fixed_4h,439.72905315859344,8.794581063171869,10.0,10.0,-0.005438349742147186,-0.006438349742147186,-2.8311294360182564,-0.28311294360182565,0.043972905315859345,16,0.0,-0.012939521800281462,True,production,0.0,True,,958.9014319846392,966.3039285498993,963.472799113881
INITUSDT,confirmed,EXPERIMENT,INITUSDT:2026-06-08T08:00:00+00:00,2026-06-08 08:15:00+00:00,2026-06-08 08:30:00+00:00,2026-06-08 12:30:00+00:00,0.0538,0.05251321428571429,0.023917950079660084,0.05493,fixed_4h,418.09603108520736,8.361920621704147,10.0,10.0,0.021003717472118932,0.02000371747211893,8.363474882042743,0.8363474882042742,0.041809603108520735,16,0.025464684014869787,-0.009479553903345761,True,production,0.0,True,,963.472799113881,963.472799113881,971.8362739959238
SOMIUSDT,confirmed,EXPERIMENT,SOMIUSDT:2026-06-08T08:45:00+00:00,2026-06-08 09:00:00+00:00,2026-06-08 09:15:00+00:00,2026-06-08 13:15:00+00:00,0.10997,0.10793571428571427,0.018498551553021048,0.1126,fixed_4h,540.5828651685366,10.811657303370731,10.0,10.0,0.0239156133490952,0.0229156133490952,12.387787921348247,1.2387787921348248,0.05405828651685366,16,0.035918886969173336,-0.003910157315631491,True,production,0.0,True,,963.472799113881,971.8362739959238,984.224061917272
STABLEUSDT,confirmed,EXPERIMENT,STABLEUSDT:2026-06-09T16:00:00+00:00,2026-06-09 16:15:00+00:00,2026-06-09 16:30:00+00:00,2026-06-09 20:30:00+00:00,0.031197,0.030121392857142857,0.0344779030950778,0.035281,fixed_4h,290.0408407211876,5.800816814423752,10.0,10.0,0.13091002339968583,0.12991002339968583,37.67921240495403,3.767921240495403,0.02900408407211876,16,0.1390838862711159,-0.004711991537647786,True,production,0.0,True,,984.224061917272,984.224061917272,1021.903274322226
SPXUSDT,confirmed,EXPERIMENT,SPXUSDT:2026-06-09T16:30:00+00:00,2026-06-09 16:45:00+00:00,2026-06-09 17:00:00+00:00,2026-06-09 21:00:00+00:00,0.3019,0.29155,0.0342828751242134,0.3092,fixed_4h,291.6908212560379,5.833816425120758,10.0,10.0,0.024180192116594723,0.023180192116594722,6.76144927536225,0.676144927536225,0.029169082125603794,16,0.02881748923484584,-0.0029811195760185427,True,production,0.0,True,,984.224061917272,1021.903274322226,1028.6647235975884
INUSDT,confirmed,EXPERIMENT,INUSDT:2026-06-10T09:15:00+00:00,2026-06-10 09:30:00+00:00,2026-06-10 09:45:00+00:00,2026-06-10 11:30:00+00:00,0.07053,0.06869821428571428,0.02597172429158821,0.06869821428571428,structural_stop,385.03411971144425,7.700682394228885,10.0,10.0,-0.025971724291588227,-0.026971724291588228,-10.38503411971145,-1.0385034119711452,0.03850341197114443,7,0.00042535091450446316,-0.028923862186303717,True,production,0.0,True,,1028.6647235975884,1028.6647235975884,1018.2796894778769
SUPERUSDT,confirmed,EXPERIMENT,SUPERUSDT:2026-06-10T09:15:00+00:00,2026-06-10 09:30:00+00:00,2026-06-10 09:45:00+00:00,2026-06-10 13:45:00+00:00,0.09266,0.09068535714285714,0.02131062871943524,0.09406,fixed_4h,469.24941219026664,9.384988243805333,10.0,10.0,0.015109000647528514,0.014109000647528513,6.620640260444846,0.6620640260444846,0.04692494121902666,16,0.01586445067990505,-0.01564860781351185,True,production,0.0,True,,1028.6647235975884,1018.2796894778769,1024.9003297383217
FOGOUSDT,confirmed,EXPERIMENT,FOGOUSDT:2026-06-10T12:15:00+00:00,2026-06-10 12:30:00+00:00,2026-06-10 12:45:00+00:00,2026-06-10 16:45:00+00:00,0.0113,0.010999642857142857,0.026580278128950634,0.01141,fixed_4h,376.2187871581459,7.524375743162918,10.0,10.0,0.009734513274336276,0.008734513274336275,3.2860879904875193,0.32860879904875195,0.03762187871581459,16,0.022123893805309658,-0.001769911504424737,True,production,0.0,True,,1018.2796894778769,1024.9003297383217,1028.1864177288091
KITEUSDT,confirmed,EXPERIMENT,KITEUSDT:2026-06-11T07:00:00+00:00,2026-06-11 07:15:00+00:00,2026-06-11 07:30:00+00:00,2026-06-11 11:30:00+00:00,0.17736,0.17365178571428572,0.020907838778271726,0.18435,fixed_4h,478.2895117018219,9.565790234036438,10.0,10.0,0.03941136671177281,0.03841136671177281,18.371753828373432,1.8371753828373432,0.04782895117018219,16,0.049278304014434005,-0.009246729815065469,True,production,0.0,True,,1028.1864177288091,1028.1864177288091,1046.5581715571825
BLUAIUSDT,confirmed,EXPERIMENT,BLUAIUSDT:2026-06-11T22:00:00+00:00,2026-06-11 22:15:00+00:00,2026-06-11 22:30:00+00:00,2026-06-12 02:30:00+00:00,0.013075,0.011556499999999999,0.11613766730401535,0.013278,fixed_4h,86.1047085940072,1.7220941718801441,10.0,10.0,0.01552581261950281,0.01452581261950281,1.250740862693442,0.1250740862693442,0.008610470859400721,16,0.0370936902485659,-0.04925430210325055,True,production,0.0,True,,1046.5581715571825,1046.5581715571825,1047.808912419876
1000TAGUSDT,confirmed,EXPERIMENT,1000TAGUSDT:2026-06-13T06:15:00+00:00,2026-06-13 06:30:00+00:00,2026-06-13 06:45:00+00:00,2026-06-13 10:45:00+00:00,0.9995,0.9754321428571429,0.024079897091402895,1.0053,fixed_4h,415.2841667903241,8.305683335806481,10.0,10.0,0.005802901450725484,0.004802901450725484,1.9945689271405713,0.19945689271405714,0.04152841667903241,16,0.017608804402200917,-0.0034017008504252377,True,production,0.0,True,,1047.808912419876,1047.808912419876,1049.8034813470165
AWEUSDT,confirmed,EXPERIMENT,AWEUSDT:2026-06-15T12:45:00+00:00,2026-06-15 13:00:00+00:00,2026-06-15 13:15:00+00:00,2026-06-15 17:15:00+00:00,0.05433,0.05223964285714286,0.03847519129131499,0.05426,fixed_4h,259.9077396207073,5.198154792414146,10.000000000000002,10.0,-0.001288422602613637,-0.002288422602613637,-0.5947787459422464,-0.059477874594224635,0.025990773962070727,16,0.006810233756672002,-0.011963924167126883,True,production,0.0,True,,1049.8034813470165,1049.8034813470165,1049.2087026010743
1000TAGUSDT,confirmed,EXPERIMENT,1000TAGUSDT:2026-06-15T15:30:00+00:00,2026-06-15 15:45:00+00:00,2026-06-15 16:00:00+00:00,2026-06-15 19:30:00+00:00,0.9688,0.9441035714285714,0.02549177185325002,0.9441035714285714,structural_stop,392.2834417932024,7.845668835864049,10.0,10.0,-0.025491771853250023,-0.026491771853250023,-10.392283441793204,-1.0392283441793204,0.039228344179320244,14,0.0,-0.0348885218827415,True,production,0.0,True,,1049.8034813470165,1049.2087026010743,1038.8164191592812
NAORISUSDT,confirmed,EXPERIMENT,NAORISUSDT:2026-06-17T04:15:00+00:00,2026-06-17 04:30:00+00:00,2026-06-17 04:45:00+00:00,2026-06-17 08:45:00+00:00,0.0316,0.030580714285714287,0.03225587703435809,0.03182,fixed_4h,310.0210231254376,6.200420462508752,10.0,10.0,0.006962025316455733,0.005962025316455733,1.8483531885073672,0.18483531885073673,0.03100210231254376,16,0.020886075949366978,-0.007594936708860911,True,production,0.0,True,,1038.8164191592812,1038.8164191592812,1040.6647723477886
KATUSDT,confirmed,EXPERIMENT,KATUSDT:2026-06-17T05:15:00+00:00,2026-06-17 05:30:00+00:00,2026-06-17 05:45:00+00:00,2026-06-17 09:45:00+00:00,0.005712,0.00559725,0.02008928571428576,0.005704,fixed_4h,497.77777777777663,9.955555555555533,10.0,10.0,-0.0014005602240896309,-0.002400560224089631,-1.194945533769058,-0.11949455337690579,0.049777777777777664,16,0.00227591036414565,-0.015581232492997144,True,production,0.0,True,,1038.8164191592812,1040.6647723477886,1039.4698268140196
KITEUSDT,confirmed,EXPERIMENT,KITEUSDT:2026-06-18T10:00:00+00:00,2026-06-18 10:15:00+00:00,2026-06-18 10:30:00+00:00,2026-06-18 14:30:00+00:00,0.18824,0.18229499999999998,0.031582022949426296,0.18639,fixed_4h,316.63582842724946,6.332716568544989,10.0,10.0,-0.009827879303017428,-0.01082787930301743,-3.4284945332211922,-0.34284945332211925,0.03166358284272495,16,0.008340416489587943,-0.011315342116447025,True,production,0.0,True,,1039.4698268140196,1039.4698268140196,1036.0413322807983
NAORISUSDT,confirmed,EXPERIMENT,NAORISUSDT:2026-06-19T12:00:00+00:00,2026-06-19 12:15:00+00:00,2026-06-19 12:30:00+00:00,2026-06-19 16:30:00+00:00,0.03139,0.029570714285714287,0.057957493287216125,0.03244,fixed_4h,172.54024342363567,3.4508048684727135,10.0,10.0,0.0334501433577572,0.0324501433577572,5.598955634079301,0.5598955634079301,0.017254024342363568,16,0.045874482319209875,-0.029945842625039854,True,production,0.0,True,,1036.0413322807983,1036.0413322807983,1041.6402879148777
CVCUSDT,confirmed,EXPERIMENT,CVCUSDT:2026-06-19T12:30:00+00:00,2026-06-19 12:45:00+00:00,2026-06-19 13:00:00+00:00,2026-06-19 17:00:00+00:00,0.02137,0.021087142857142856,0.013236178888963206,0.02145,fixed_4h,755.5050505050482,15.110101010100964,10.0,10.0,0.0037435657463733563,0.0027435657463733562,2.0727777777777225,0.2072777777777723,0.07555050505050483,16,0.012634534394010188,-0.0018717828731867892,True,production,0.0,True,,1036.0413322807983,1041.6402879148777,1043.7130656926554
RLCUSDT,confirmed,EXPERIMENT,RLCUSDT:2026-06-19T12:30:00+00:00,2026-06-19 12:45:00+00:00,2026-06-19 13:00:00+00:00,2026-06-19 17:00:00+00:00,0.3249,0.3203142857142857,0.014114232950798103,0.3263,fixed_4h,708.5046728971935,14.170093457943869,10.0,10.0,0.004309018159433631,0.0033090181594336307,2.344454828660398,0.23444548286603978,0.07085046728971935,16,0.01415820252385358,0.0,True,production,0.0,True,,1036.0413322807983,1043.7130656926554,1046.0575205213158
AVAXUSDT,confirmed,EXPERIMENT,AVAXUSDT:2026-06-20T06:45:00+00:00,2026-06-20 07:00:00+00:00,2026-06-20 07:15:00+00:00,2026-06-20 11:15:00+00:00,6.016,5.79925,0.03602892287234046,6.156,fixed_4h,277.5547866205303,5.551095732410606,10.0,10.0,0.023271276595744572,0.02227127659574457,6.181499423298695,0.6181499423298694,0.02775547866205303,16,0.04172207446808507,-0.0004986702127659504,True,production,0.0,True,,1046.0575205213158,1046.0575205213158,1052.2390199446145
STORJUSDT,confirmed,EXPERIMENT,STORJUSDT:2026-06-21T23:45:00+00:00,2026-06-22 00:00:00+00:00,2026-06-22 00:15:00+00:00,2026-06-22 04:15:00+00:00,0.07724,0.07555107142857143,0.021865983576237407,0.07668,fixed_4h,457.33135969549426,9.146627193909886,10.0,10.0,-0.0072501294665976435,-0.008250129466597644,-3.7730429266229635,-0.37730429266229637,0.04573313596954943,16,0.013205592957016954,-0.014111859140341854,True,production,0.0,True,,1052.2390199446145,1052.2390199446145,1048.4659770179915
SOSOUSDT,confirmed,EXPERIMENT,SOSOUSDT:2026-06-24T22:15:00+00:00,2026-06-24 22:30:00+00:00,2026-06-24 22:45:00+00:00,2026-06-25 02:45:00+00:00,0.2987,0.28639642857142855,0.04119039647998483,0.2964,fixed_4h,242.77503628446948,4.85550072568939,10.0,10.0,-0.007700033478406532,-0.008700033478406533,-2.1121509433962453,-0.21121509433962452,0.024277503628446946,16,0.01138265818547013,-0.00836960160696354,True,production,0.0,True,,1048.4659770179915,1048.4659770179915,1046.3538260745952
TAUSDT,confirmed,EXPERIMENT,TAUSDT:2026-06-24T23:45:00+00:00,2026-06-25 00:00:00+00:00,2026-06-25 00:15:00+00:00,2026-06-25 04:15:00+00:00,0.07034,0.06885071428571428,0.02117267151387149,0.07002,fixed_4h,472.3069544364488,9.446139088728977,10.0,10.0,-0.004549331816889435,-0.005549331816889435,-2.6209880095923337,-0.2620988009592334,0.04723069544364488,16,0.007534830821723126,-0.010378163207278801,True,production,0.0,True,,1048.4659770179915,1046.3538260745952,1043.7328380650029
CHRUSDT,confirmed,EXPERIMENT,CHRUSDT:2026-06-25T04:30:00+00:00,2026-06-25 04:45:00+00:00,2026-06-25 05:00:00+00:00,2026-06-25 09:00:00+00:00,0.01406,0.013792500000000001,0.019025604551920244,0.01408,fixed_4h,525.6074766355167,10.512149532710334,10.0,10.0,0.0014224751066858055,0.00042247510668580544,0.22205607476644693,0.02220560747664469,0.05256074766355167,16,0.009957325746799528,-0.002133712660028375,True,production,0.0,True,,1043.7328380650029,1043.7328380650029,1043.9548941397693
CRVUSDT,confirmed,EXPERIMENT,CRVUSDT:2026-06-25T04:30:00+00:00,2026-06-25 04:45:00+00:00,2026-06-25 05:00:00+00:00,2026-06-25 09:00:00+00:00,0.193,0.18852857142857143,0.023168023686158397,0.1977,fixed_4h,431.6293929712461,8.632587859424921,10.0,10.0,0.024352331606217525,0.023352331606217525,10.079552715654915,1.0079552715654914,0.04316293929712461,16,0.024352331606217525,-0.0015544041450776813,True,production,0.0,True,,1043.7328380650029,1043.9548941397693,1054.0344468554242
MEWUSDT,confirmed,EXPERIMENT,MEWUSDT:2026-06-25T04:30:00+00:00,2026-06-25 04:45:00+00:00,2026-06-25 05:00:00+00:00,2026-06-25 09:00:00+00:00,0.0003453,0.00033791785714285715,0.02137892515824744,0.0003467,fixed_4h,467.7503628447035,9.35500725689407,10.0,10.0,0.00405444540978861,0.0030544454097886095,1.428717948717961,0.14287179487179613,0.04677503628447035,16,0.013321749203591082,-0.0008688097306690512,True,production,0.0,True,,1043.7328380650029,1054.0344468554242,1055.4631648041423
RAYDIUMUSDT,confirmed,EXPERIMENT,RAYDIUMUSDT:2026-06-25T04:30:00+00:00,2026-06-25 04:45:00+00:00,2026-06-25 05:00:00+00:00,2026-06-25 09:00:00+00:00,0.5896,0.5808357142857142,0.014864799379724864,0.5932,fixed_4h,672.7302363488133,13.454604726976266,10.0,10.0,0.006105834464043225,0.005105834464043225,3.434849225753715,0.3434849225753715,0.06727302363488133,16,0.011363636363636465,-0.0032225237449118316,True,production,0.0,True,,1043.7328380650029,1055.4631648041423,1058.8980140298959
SOMIUSDT,confirmed,EXPERIMENT,SOMIUSDT:2026-06-25T04:30:00+00:00,2026-06-25 04:45:00+00:00,2026-06-25 05:00:00+00:00,2026-06-25 09:00:00+00:00,0.0987,0.09695428571428572,0.017687074829931926,0.09905,fixed_4h,565.3846153846168,11.307692307692337,10.0,10.0,0.0035460992907800915,0.0025460992907800914,1.4395253682487477,0.14395253682487477,0.05653846153846169,16,0.017122593718338353,-0.002330293819655438,True,production,0.0,True,,1043.7328380650029,1058.8980140298959,1060.3375393981446
CLANKERUSDT,confirmed,EXPERIMENT,CLANKERUSDT:2026-06-26T06:15:00+00:00,2026-06-26 06:30:00+00:00,2026-06-26 06:45:00+00:00,2026-06-26 10:00:00+00:00,16.209,15.723642857142856,0.0299436820813834,15.723642857142856,structural_stop,333.9602649006618,6.679205298013236,10.0,10.0,-0.029943682081383427,-0.030943682081383428,-10.333960264900671,-1.0333960264900672,0.03339602649006618,13,0.008760565118144159,-0.031772472083410386,True,production,0.0,True,,1060.3375393981446,1060.3375393981446,1050.0035791332439
1000TURBOUSDT,confirmed,EXPERIMENT,1000TURBOUSDT:2026-06-26T13:15:00+00:00,2026-06-26 13:30:00+00:00,2026-06-26 13:45:00+00:00,2026-06-26 17:45:00+00:00,0.7886,0.7713785714285715,0.021837976884895385,0.8162,fixed_4h,457.91787639983596,9.158357527996719,10.0,10.0,0.03499873193000269,0.03399873193000269,15.568627125674128,1.5568627125674128,0.0457917876399836,16,0.03854932792290122,-0.001902104996195697,True,production,0.0,True,,1050.0035791332439,1050.0035791332439,1065.572206258918
1000XECUSDT,confirmed,EXPERIMENT,1000XECUSDT:2026-06-26T13:15:00+00:00,2026-06-26 13:30:00+00:00,2026-06-26 13:45:00+00:00,2026-06-26 17:45:00+00:00,0.004975,0.004870142857142858,0.021076812634601535,0.00513,fixed_4h,474.4550408719356,9.489100817438711,10.0,10.0,0.031155778894472297,0.030155778894472296,14.307561307901906,1.4307561307901906,0.047445504087193564,16,0.03758793969849239,-0.0008040201005026226,True,production,0.0,True,,1050.0035791332439,1065.572206258918,1079.87976756682
ANKRUSDT,confirmed,EXPERIMENT,ANKRUSDT:2026-06-26T13:15:00+00:00,2026-06-26 13:30:00+00:00,2026-06-26 13:45:00+00:00,2026-06-26 17:45:00+00:00,0.003407,0.0033345,0.02127971822717936,0.003486,fixed_4h,469.9310344827581,9.398620689655163,10.0,10.0,0.023187555033754137,0.022187555033754136,10.426620689655207,1.0426620689655208,0.04699310344827581,16,0.025535661872615245,-0.0029351335485764407,True,production,0.0,True,,1050.0035791332439,1079.87976756682,1090.3063882564752
ARBUSDT,confirmed,EXPERIMENT,ARBUSDT:2026-06-26T13:15:00+00:00,2026-06-26 13:30:00+00:00,2026-06-26 13:45:00+00:00,2026-06-26 17:45:00+00:00,0.07197,0.07036178571428572,0.022345620198892347,0.0743,fixed_4h,447.5149900066632,8.950299800133264,10.0,10.0,0.03237460052799768,0.031374600527997676,14.04060404174993,1.404060404174993,0.04475149900066632,16,0.03737668472974853,-0.002778935667639426,True,production,0.0,True,,1050.0035791332439,1090.3063882564752,1104.3469922982251
C98USDT,confirmed,EXPERIMENT,C98USDT:2026-06-26T13:15:00+00:00,2026-06-26 13:30:00+00:00,2026-06-26 13:45:00+00:00,2026-06-26 17:45:00+00:00,0.0126,0.012258821428571428,0.027077664399093027,0.012878,fixed_4h,369.30807076311027,7.3861614152622055,10.0,10.0,0.02206349206349212,0.021063492063492117,7.778917617502358,0.7778917617502359,0.03693080707631103,16,0.024523809523809614,-0.0011904761904761862,True,production,0.0,True,,1050.0035791332439,1104.3469922982251,1112.1259099157276
CFXUSDT,confirmed,EXPERIMENT,CFXUSDT:2026-06-26T13:15:00+00:00,2026-06-26 13:30:00+00:00,2026-06-26 13:45:00+00:00,2026-06-26 17:45:00+00:00,0.04278,0.041895714285714286,0.020670540305883882,0.04356,fixed_4h,483.78029079160035,9.675605815832007,10.0,10.0,0.01823281907433394,0.017232819074333938,8.33689822294031,0.833689822294031,0.048378029079160036,16,0.022907900888265553,-0.0021037868162693263,True,production,0.0,True,,1050.0035791332439,1112.1259099157276,1120.462808138668
CUSDT,confirmed,EXPERIMENT,CUSDT:2026-06-27T10:45:00+00:00,2026-06-27 11:00:00+00:00,2026-06-27 11:15:00+00:00,2026-06-27 15:15:00+00:00,0.07957,0.07776571428571427,0.022675451982980148,0.07907,fixed_4h,441.00554235945765,8.820110847189152,10.0,10.0,-0.0062837752921955925,-0.0072837752921955925,-3.2121852731591343,-0.32121852731591344,0.04410055423594577,16,0.004901344727912482,-0.012316199572703357,True,production,0.0,True,,1120.462808138668,1120.462808138668,1117.2506228655088
GIGGLEUSDT,confirmed,EXPERIMENT,GIGGLEUSDT:2026-06-27T12:00:00+00:00,2026-06-27 12:15:00+00:00,2026-06-27 12:30:00+00:00,2026-06-27 16:30:00+00:00,25.44,24.785,0.025746855345911993,25.41,fixed_4h,388.39694656488484,7.767938931297697,10.0,10.0,-0.001179245283018937,-0.002179245283018937,-0.8464122137404835,-0.08464122137404835,0.03883969465648848,16,0.008254716981132004,-0.01650943396226423,True,production,0.0,True,,1120.462808138668,1117.2506228655088,1116.4042106517684
MINAUSDT,confirmed,EXPERIMENT,MINAUSDT:2026-06-27T14:45:00+00:00,2026-06-27 15:00:00+00:00,2026-06-27 15:15:00+00:00,2026-06-27 17:15:00+00:00,0.03937,0.03895642857142857,0.010504735295184907,0.03895642857142857,structural_stop,951.9516407599281,19.03903281519856,10.0,10.0,-0.01050473529518492,-0.01150473529518492,-10.95195164075994,-1.095195164075994,0.09519516407599281,8,0.002286004572009226,-0.012700025400050774,True,production,0.0,True,,1117.2506228655088,1116.4042106517684,1105.4522590110084
1000PEPEUSDT,confirmed,EXPERIMENT,1000PEPEUSDT:2026-07-01T13:30:00+00:00,2026-07-01 13:45:00+00:00,2026-07-01 14:00:00+00:00,2026-07-01 18:00:00+00:00,0.00229,0.00221925,0.03089519650655025,0.002354,fixed_4h,323.67491166077707,6.473498233215541,10.0,10.0,0.027947598253275308,0.026947598253275307,8.722261484098995,0.8722261484098995,0.032367491166077705,16,0.03449781659388651,-0.006986899563318771,True,production,0.0,True,,1105.4522590110084,1105.4522590110084,1114.1745204951073
AIXBTUSDT,confirmed,EXPERIMENT,AIXBTUSDT:2026-07-01T13:30:00+00:00,2026-07-01 13:45:00+00:00,2026-07-01 14:00:00+00:00,2026-07-01 18:00:00+00:00,0.018721,0.01804114285714286,0.0363152151518157,0.018897,fixed_4h,275.36667367093975,5.507333473418795,10.0,10.0,0.009401207200470107,0.008401207200470107,2.3134124816138013,0.23134124816138013,0.027536667367093978,16,0.018695582500934727,-0.004967683350248553,True,production,0.0,True,,1105.4522590110084,1114.1745204951073,1116.4879329767211
ALCHUSDT,confirmed,EXPERIMENT,ALCHUSDT:2026-07-01T13:30:00+00:00,2026-07-01 13:45:00+00:00,2026-07-01 14:00:00+00:00,2026-07-01 18:00:00+00:00,0.06954,0.06661107142857142,0.04211861621266296,0.0696,fixed_4h,237.42470430435225,4.748494086087045,10.0,10.0,0.0008628127696288512,-0.0001371872303711488,-0.032571637605203055,-0.0032571637605203056,0.023742470430435224,16,0.034368708656888014,-0.0035950532067874352,True,production,0.0,True,,1105.4522590110084,1116.4879329767211,1116.4553613391158
ALGOUSDT,confirmed,EXPERIMENT,ALGOUSDT:2026-07-01T13:30:00+00:00,2026-07-01 13:45:00+00:00,2026-07-01 14:00:00+00:00,2026-07-01 18:00:00+00:00,0.08414,0.08216142857142857,0.023515229719175666,0.08564,fixed_4h,425.25631768952815,8.505126353790564,10.0,10.0,0.017827430473021044,0.016827430473021043,7.155971119133484,0.7155971119133483,0.04252563176895281,16,0.020798668885191107,-0.0008319467554076532,True,production,0.0,True,,1105.4522590110084,1116.4553613391158,1123.6113324582493
ALTUSDT,confirmed,EXPERIMENT,ALTUSDT:2026-07-01T13:30:00+00:00,2026-07-01 13:45:00+00:00,2026-07-01 14:00:00+00:00,2026-07-01 18:00:00+00:00,0.005748,0.0055960714285714286,0.02643155383238885,0.005819,fixed_4h,378.33568406206007,7.566713681241201,10.0,10.0,0.012352122477383487,0.011352122477383486,4.294913023037169,0.4294913023037169,0.037833568406206004,16,0.019485038274182243,-0.0010438413361169019,True,production,0.0,True,,1105.4522590110084,1123.6113324582493,1127.9062454812865
ATHUSDT,confirmed,EXPERIMENT,ATHUSDT:2026-07-01T13:30:00+00:00,2026-07-01 13:45:00+00:00,2026-07-01 14:00:00+00:00,2026-07-01 18:00:00+00:00,0.004308,0.004145071428571429,0.03782000265287159,0.004333,fixed_4h,264.4103463393259,5.2882069267865175,10.0,10.0,0.005803156917363106,0.004803156917363106,1.2700043840421078,0.12700043840421077,0.02644103463393259,16,0.021123491179201537,-0.0013927576601671099,True,production,0.0,True,,1105.4522590110084,1127.9062454812865,1129.1762498653286
SAPIENUSDT,confirmed,EXPERIMENT,SAPIENUSDT:2026-07-02T00:30:00+00:00,2026-07-02 00:45:00+00:00,2026-07-02 01:00:00+00:00,2026-07-02 05:00:00+00:00,0.07276,0.07147321428571428,0.01768534516610399,0.07355,fixed_4h,565.4399111851183,11.308798223702365,10.0,10.0,0.010857614073666921,0.00985761407366692,5.573888426311395,0.5573888426311395,0.05654399111851183,16,0.011132490379329285,-0.009895547003848204,True,production,0.0,True,,1129.1762498653286,1129.1762498653286,1134.75013829164
BRUSDT,confirmed,EXPERIMENT,BRUSDT:2026-07-02T06:00:00+00:00,2026-07-02 06:15:00+00:00,2026-07-02 06:30:00+00:00,2026-07-02 10:30:00+00:00,0.14255,0.1391857142857143,0.023600741594427977,0.14787,fixed_4h,423.7154989384297,8.474309978768593,10.0,10.0,0.03732023851280242,0.036320238512802416,15.389447983014845,1.5389447983014843,0.042371549893842966,16,0.04707120308663626,-0.01936162749912318,True,production,0.0,True,,1134.75013829164,1134.75013829164,1150.139586274655
MITOUSDT,confirmed,EXPERIMENT,MITOUSDT:2026-07-03T14:15:00+00:00,2026-07-03 14:30:00+00:00,2026-07-03 14:45:00+00:00,2026-07-03 18:45:00+00:00,0.02418,0.02367357142857143,0.02094410965378705,0.024,fixed_4h,477.4612129760231,9.549224259520463,10.0,10.0,-0.007444168734491274,-0.008444168734491275,-4.031763046544414,-0.4031763046544414,0.047746121297602306,16,0.013234077750206907,-0.013647642679900818,True,production,0.0,True,,1150.139586274655,1150.139586274655,1146.1078232281104
PIEVERSEUSDT,confirmed,EXPERIMENT,PIEVERSEUSDT:2026-07-03T18:00:00+00:00,2026-07-03 18:15:00+00:00,2026-07-03 18:30:00+00:00,2026-07-03 22:30:00+00:00,0.7298,0.6941892857142857,0.048795168930822516,0.7228,fixed_4h,204.9383211312808,4.098766422625616,10.0,10.0,-0.009591668950397425,-0.010591668950397426,-2.1706388526727634,-0.21706388526727635,0.02049383211312808,16,0.0010961907371882518,-0.021512743217319885,True,production,0.0,True,,1150.139586274655,1146.1078232281104,1143.9371843754377
ALCHUSDT,confirmed,EXPERIMENT,ALCHUSDT:2026-07-06T12:00:00+00:00,2026-07-06 12:15:00+00:00,2026-07-06 12:30:00+00:00,2026-07-06 16:30:00+00:00,0.05877,0.057155000000000004,0.027480006806193606,0.0582,fixed_4h,363.9009287925701,7.2780185758514016,10.0,10.0,-0.009698825931597765,-0.010698825931597766,-3.893312693498461,-0.3893312693498461,0.036390092879257006,16,0.01514378084056478,-0.026033690658499253,True,production,0.0,True,,1143.9371843754377,1143.9371843754377,1140.0438716819392
DYDXUSDT,confirmed,EXPERIMENT,DYDXUSDT:2026-07-08T01:30:00+00:00,2026-07-08 01:45:00+00:00,2026-07-08 02:00:00+00:00,2026-07-08 02:30:00+00:00,0.12892,0.12580392857142858,0.024170581977749194,0.12580392857142858,structural_stop,413.72607449856764,8.274521489971352,10.0,10.0,-0.02417058197774924,-0.02517058197774924,-10.413726074498586,-1.0413726074498586,0.04137260744985677,2,0.0,-0.02769159168476587,True,production,0.0,True,,1140.0438716819392,1140.0438716819392,1129.6301456074407
HOLOUSDT,confirmed,EXPERIMENT,HOLOUSDT:2026-07-08T11:15:00+00:00,2026-07-08 11:30:00+00:00,2026-07-08 11:45:00+00:00,2026-07-08 15:45:00+00:00,0.06631,0.06495535714285715,0.02042893767369697,0.06532,fixed_4h,489.5017136831044,9.790034273662089,10.0,10.0,-0.014929874830342249,-0.01592987483034225,-7.797701028209883,-0.7797701028209884,0.048950171368310445,16,0.021414567938470963,-0.016437942995023325,True,production,0.0,True,,1129.6301456074407,1129.6301456074407,1121.8324445792307
XANUSDT,confirmed,EXPERIMENT,XANUSDT:2026-07-09T06:00:00+00:00,2026-07-09 06:15:00+00:00,2026-07-09 06:30:00+00:00,2026-07-09 10:30:00+00:00,0.010936,0.010515714285714284,0.03843139304002515,0.011352,fixed_4h,260.20394289598863,5.2040788579197725,10.0,10.0,0.038039502560351046,0.037039502560351045,9.637824609109408,0.9637824609109409,0.026020394289598864,16,0.04828090709583033,-0.000548646671543418,True,production,0.0,True,,1121.8324445792307,1121.8324445792307,1131.4702691883401
ICNTUSDT,confirmed,EXPERIMENT,ICNTUSDT:2026-07-10T00:00:00+00:00,2026-07-10 00:15:00+00:00,2026-07-10 00:30:00+00:00,2026-07-10 04:30:00+00:00,0.1577,0.15423571428571428,0.02196756952622527,0.1591,fixed_4h,455.21649484535936,9.104329896907187,10.0,10.0,0.008877615726061938,0.007877615726061937,3.5860206185565957,0.35860206185565957,0.045521649484535937,16,0.018389346861128697,-0.011414077362079889,True,production,0.0,True,,1131.4702691883401,1131.4702691883401,1135.0562898068968
1000NEIROCTOUSDT,confirmed,EXPERIMENT,1000NEIROCTOUSDT:2026-07-10T00:30:00+00:00,2026-07-10 00:45:00+00:00,2026-07-10 01:00:00+00:00,2026-07-10 05:00:00+00:00,0.06276,0.06186785714285715,0.014215150687425881,0.06303,fixed_4h,703.474779823866,14.06949559647732,10.0,10.0,0.004302103250478195,0.0033021032504781953,2.322946357085821,0.23229463570858208,0.07034747798238661,16,0.016889738687061895,-0.004142766093052863,True,production,0.0,True,,1131.4702691883401,1135.0562898068968,1137.3792361639826
JELLYJELLYUSDT,confirmed,EXPERIMENT,JELLYJELLYUSDT:2026-07-10T14:30:00+00:00,2026-07-10 14:45:00+00:00,2026-07-10 15:00:00+00:00,2026-07-10 19:00:00+00:00,0.05607,0.055013928571428575,0.018834874773879563,0.05548,fixed_4h,530.9299966181949,10.618599932363898,10.0,10.0,-0.010522561084358895,-0.011522561084358895,-6.1176733175516125,-0.6117673317551612,0.05309299966181949,16,0.01284109149277679,-0.014089530943463546,True,production,0.0,True,,1137.3792361639826,1137.3792361639826,1131.261562846431
SAPIENUSDT,confirmed,EXPERIMENT,SAPIENUSDT:2026-07-10T14:30:00+00:00,2026-07-10 14:45:00+00:00,2026-07-10 15:00:00+00:00,2026-07-10 19:00:00+00:00,0.07412,0.07227,0.024959525094441503,0.07511,fixed_4h,400.64864864864774,8.012972972972955,10.0,10.0,0.013356718834322656,0.012356718834322655,4.9507027027026655,0.49507027027026657,0.040064864864864776,16,0.024419859686994005,-0.0005396654074475427,True,production,0.0,True,,1137.3792361639826,1131.261562846431,1136.2122655491337
SUPERUSDT,confirmed,EXPERIMENT,SUPERUSDT:2026-07-10T14:30:00+00:00,2026-07-10 14:45:00+00:00,2026-07-10 15:00:00+00:00,2026-07-10 19:00:00+00:00,0.08796,0.086345,0.018360618462937604,0.08728,fixed_4h,544.6439628483,10.892879256966001,10.0,10.0,-0.0077307867212369485,-0.00873078672123695,-4.7551702786378085,-0.47551702786378086,0.054464396284830005,16,0.014324693042292003,-0.008981355161437055,True,production,0.0,True,,1137.3792361639826,1136.2122655491337,1131.457095270496
CVCUSDT,confirmed,EXPERIMENT,CVCUSDT:2026-07-12T00:00:00+00:00,2026-07-12 00:15:00+00:00,2026-07-12 00:30:00+00:00,2026-07-12 04:30:00+00:00,0.02085,0.02030785714285714,0.02600205549845847,0.02056,fixed_4h,384.58498023715276,7.6916996047430555,10.0,10.0,-0.013908872901678748,-0.014908872901678749,-5.733728590250344,-0.5733728590250344,0.03845849802371528,16,0.014868105515587482,-0.014868105515587593,True,production,0.0,True,,1131.457095270496,1131.457095270496,1125.7233666802456
1000XECUSDT,confirmed,EXPERIMENT,1000XECUSDT:2026-07-12T23:45:00+00:00,2026-07-13 00:00:00+00:00,2026-07-13 00:15:00+00:00,2026-07-13 04:15:00+00:00,0.005278,0.005008142857142858,0.05112867428138348,0.005921,fixed_4h,195.58496559026003,3.9116993118052004,10.0,10.0,0.12182644941265641,0.12082644941265641,23.6318369507677,2.3631836950767697,0.019558496559026,16,0.14096248579007198,-0.005115574081091312,True,production,0.0,True,,1125.7233666802456,1125.7233666802456,1149.3552036310132
TOWNSUSDT,confirmed,EXPERIMENT,TOWNSUSDT:2026-07-13T14:00:00+00:00,2026-07-13 14:15:00+00:00,2026-07-13 14:30:00+00:00,2026-07-13 17:45:00+00:00,0.001895,0.0018329642857142856,0.032736524689031314,0.0018329642857142856,structural_stop,305.46919976971765,6.109383995394353,10.0,10.0,-0.03273652468903132,-0.03373652468903132,-10.305469199769721,-1.030546919976972,0.030546919976971763,13,0.016358839050131913,-0.035356200527704496,True,production,0.0,True,,1149.3552036310132,1149.3552036310132,1139.0497344312435
ROSEUSDT,confirmed,EXPERIMENT,ROSEUSDT:2026-07-13T14:15:00+00:00,2026-07-13 14:30:00+00:00,2026-07-13 14:45:00+00:00,2026-07-13 18:15:00+00:00,0.005657,0.005508142857142857,0.02631379580292424,0.005508142857142857,structural_stop,380.0287907869493,7.600575815738986,10.0,10.0,-0.026313795802924256,-0.027313795802924257,-10.380028790786955,-1.0380028790786957,0.03800287907869493,14,0.003181898532791383,-0.027576453950857283,True,production,0.0,True,,1149.3552036310132,1139.0497344312435,1128.6697056404564
SONICUSDT,confirmed,EXPERIMENT,SONICUSDT:2026-07-15T17:45:00+00:00,2026-07-15 18:00:00+00:00,2026-07-15 18:15:00+00:00,2026-07-15 22:15:00+00:00,0.02351,0.02306535714285714,0.01891292459135937,0.02328,fixed_4h,528.7389558232912,10.574779116465825,10.0,10.0,-0.009783071033602764,-0.010783071033602765,-5.701429718875503,-0.5701429718875504,0.052873895582329127,16,0.005954912803062484,-0.014887282007656322,True,production,0.0,True,,1128.6697056404564,1128.6697056404564,1122.968275921581
SOLAYERUSDT,confirmed,EXPERIMENT,SOLAYERUSDT:2026-07-17T00:30:00+00:00,2026-07-17 00:45:00+00:00,2026-07-17 01:00:00+00:00,2026-07-17 02:15:00+00:00,0.06511,0.06420607142857143,0.013883098931478566,0.06420607142857143,structural_stop,720.3002765705271,14.406005531410543,10.0,10.0,-0.013883098931478544,-0.014883098931478544,-10.720300276570512,-1.0720300276570511,0.07203002765705271,5,0.0029181385347871736,-0.01520503762862857,True,production,0.0,True,,1122.968275921581,1122.968275921581,1112.2479756450105
AUSDT,confirmed,EXPERIMENT,AUSDT:2026-07-17T06:30:00+00:00,2026-07-17 06:45:00+00:00,2026-07-17 07:00:00+00:00,2026-07-17 11:00:00+00:00,0.07161,0.07022392857142856,0.01935583617611271,0.0743,fixed_4h,516.640041226487,10.332800824529741,9.999999999999998,10.0,0.03756458595168288,0.03656458595168288,18.89072919350687,1.8890729193506874,0.05166400412264871,16,0.05027230833682461,-0.0018153889121629296,True,production,0.0,True,,1112.2479756450105,1112.2479756450105,1131.1387048385172
ATOMUSDT,confirmed,EXPERIMENT,ATOMUSDT:2026-07-17T13:00:00+00:00,2026-07-17 13:15:00+00:00,2026-07-17 13:30:00+00:00,2026-07-17 17:30:00+00:00,1.5031,1.4811821428571428,0.014581769105752991,1.5263,fixed_4h,685.7878442235565,13.71575688447113,10.0,10.0,0.015434768145831779,0.014434768145831778,9.899188528596838,0.9899188528596837,0.06857878442235564,16,0.016366176568425317,-0.003459516998203793,True,production,0.0,True,,1131.1387048385172,1131.1387048385172,1141.037893367114
EVAAUSDT,confirmed,EXPERIMENT,EVAAUSDT:2026-07-17T22:15:00+00:00,2026-07-17 22:30:00+00:00,2026-07-17 22:45:00+00:00,2026-07-18 02:45:00+00:00,0.8729,0.8185285714285715,0.062288267351848454,0.8673,fixed_4h,160.54387808723087,3.2108775617446175,10.0,10.0,-0.006415396952686558,-0.007415396952686558,-1.1904965843405342,-0.11904965843405341,0.016054387808723085,16,0.031733302783824024,-0.025088784511398843,True,production,0.0,True,,1141.037893367114,1141.037893367114,1139.8473967827736
1000RATSUSDT,confirmed,EXPERIMENT,1000RATSUSDT:2026-07-18T11:30:00+00:00,2026-07-18 11:45:00+00:00,2026-07-18 12:00:00+00:00,2026-07-18 16:00:00+00:00,0.02842,0.027823214285714288,0.020998793606112346,0.02818,fixed_4h,476.2178336325565,9.52435667265113,10.0,10.0,-0.008444757213230125,-0.009444757213230126,-4.497761819269912,-0.4497761819269912,0.04762178336325565,16,0.006685432793807067,-0.012315270935960632,True,production,0.0,True,,1139.8473967827736,1139.8473967827736,1135.3496349635036
SOSOUSDT,confirmed,EXPERIMENT,SOSOUSDT:2026-07-18T18:30:00+00:00,2026-07-18 18:45:00+00:00,2026-07-18 19:00:00+00:00,2026-07-18 23:00:00+00:00,0.3019,0.2759892857142857,0.08582548620640705,0.2996,fixed_4h,116.51550654720882,2.3303101309441763,10.0,10.0,-0.0076184166942696585,-0.00861841669426966,-1.0041791867677503,-0.10041791867677502,0.011651550654720882,16,0.036104670420669116,-0.044054322623385156,True,production,0.0,True,,1135.3496349635036,1135.3496349635036,1134.345455776736
ELSAUSDT,confirmed,EXPERIMENT,ELSAUSDT:2026-07-19T23:45:00+00:00,2026-07-20 00:00:00+00:00,2026-07-20 00:15:00+00:00,2026-07-20 02:00:00+00:00,0.04975,0.048979999999999996,0.015477386934673503,0.048979999999999996,structural_stop,646.1038961038904,12.922077922077808,10.0,10.0,-0.015477386934673487,-0.016477386934673488,-10.646103896103881,-1.064610389610388,0.06461038961038905,7,0.002211055276381879,-0.028743718592964873,True,production,0.0,True,,1134.345455776736,1134.345455776736,1123.699351880632
WAVESUSDT,confirmed,EXPERIMENT,WAVESUSDT:2026-07-19T22:30:00+00:00,2026-07-19 22:45:00+00:00,2026-07-19 23:00:00+00:00,2026-07-20 02:15:00+00:00,0.2533,0.2506964285714286,0.010278608087530307,0.2506964285714286,structural_stop,972.8943758573395,19.45788751714679,10.0,10.0,-0.010278608087530339,-0.01127860808753034,-10.97289437585737,-1.0972894375857372,0.09728943758573395,13,0.0035530990919856453,-0.015001973943940095,True,production,0.0,True,,1134.345455776736,1123.699351880632,1112.7264575047748
BLUAIUSDT,confirmed,EXPERIMENT,BLUAIUSDT:2026-07-22T00:15:00+00:00,2026-07-22 00:30:00+00:00,2026-07-22 00:45:00+00:00,2026-07-22 04:45:00+00:00,0.011775,0.011409678571428572,0.03102517440097056,0.011955,fixed_4h,322.3188972529086,6.446377945058171,10.0,10.0,0.015286624203821653,0.014286624203821652,4.604848958842508,0.4604848958842508,0.03223188972529086,16,0.024798301486199437,-0.006794055201698512,True,production,0.0,True,,1112.7264575047748,1112.7264575047748,1117.3313064636172
1000TURBOUSDT,confirmed,EXPERIMENT,1000TURBOUSDT:2026-07-22T12:45:00+00:00,2026-07-22 13:00:00+00:00,2026-07-22 13:15:00+00:00,2026-07-22 17:15:00+00:00,0.8211,0.8102642857142858,0.013196582981018489,0.8278,fixed_4h,757.7719182597234,15.155438365194469,10.0,10.0,0.008159785653391705,0.0071597856533917046,5.425484508899079,0.542548450889908,0.07577719182597235,16,0.010473754719279027,-0.003531847521617393,True,production,0.0,True,,1117.3313064636172,1117.3313064636172,1122.7567909725162
FARTCOINUSDT,confirmed,EXPERIMENT,FARTCOINUSDT:2026-07-23T19:45:00+00:00,2026-07-23 20:00:00+00:00,2026-07-23 20:15:00+00:00,2026-07-24 00:15:00+00:00,0.13358,0.13106607142857143,0.018819647937030764,0.1323,fixed_4h,531.3595681204721,10.627191362409441,10.0,10.0,-0.009582272795328639,-0.01058227279532864,-5.622991902258847,-0.5622991902258847,0.05313595681204721,16,0.004341967360383281,-0.012726456056295854,True,production,0.0,True,,1122.7567909725162,1122.7567909725162,1117.1337990702573
WCTUSDT,confirmed,EXPERIMENT,WCTUSDT:2026-07-25T02:00:00+00:00,2026-07-25 02:15:00+00:00,2026-07-25 02:30:00+00:00,2026-07-25 06:30:00+00:00,0.04011,0.039035,0.026801296434804278,0.04023,fixed_4h,373.1162790697676,7.462325581395351,10.0,10.0,0.0029917726252806087,0.0019917726252806087,0.7431627906977232,0.07431627906977233,0.03731162790697676,16,0.006232859636001065,-0.006731488406881092,True,production,0.0,True,,1117.1337990702573,1117.1337990702573,1117.876961860955
EGLDUSDT,confirmed,EXPERIMENT,EGLDUSDT:2026-07-25T09:00:00+00:00,2026-07-25 09:15:00+00:00,2026-07-25 09:30:00+00:00,2026-07-25 13:30:00+00:00,2.829,2.792392857142857,0.012939958592132575,2.832,fixed_4h,772.7999999999959,15.455999999999918,10.0,10.0,0.001060445387062403,6.044538706240308e-05,0.04671219512182485,0.004671219512182485,0.07727999999999959,16,0.007069635913750538,-0.0028278543655001487,True,production,0.0,True,,1117.876961860955,1117.876961860955,1117.9236740560768
STXUSDT,confirmed,EXPERIMENT,STXUSDT:2026-07-26T02:00:00+00:00,2026-07-26 02:15:00+00:00,2026-07-26 02:30:00+00:00,2026-07-26 06:30:00+00:00,0.1366,0.1342357142857143,0.017308094540890977,0.1379,fixed_4h,577.7643504531738,11.555287009063477,10.0,10.0,0.009516837481698293,0.008516837481698292,4.920725075528658,0.49207250755286586,0.05777643504531739,16,0.013909224011713128,-0.01024890190336758,True,production,0.0,True,,1117.9236740560768,1117.9236740560768,1122.8443991316055
BRUSDT,confirmed,EXPERIMENT,BRUSDT:2026-07-26T08:15:00+00:00,2026-07-26 08:30:00+00:00,2026-07-26 08:45:00+00:00,2026-07-26 09:30:00+00:00,0.14889,0.14643464285714286,0.016491081623058193,0.14643464285714286,structural_stop,606.3883636363657,12.127767272727315,10.0,10.0,-0.016491081623058235,-0.017491081623058236,-10.606388363636391,-1.0606388363636392,0.060638836363636574,3,0.02814158103297726,-0.019410302908187238,True,production,0.0,True,,1122.8443991316055,1122.8443991316055,1112.2380107679692
HOMEUSDT,confirmed,EXPERIMENT,HOMEUSDT:2026-07-27T14:30:00+00:00,2026-07-27 14:45:00+00:00,2026-07-27 15:00:00+00:00,2026-07-27 19:00:00+00:00,0.005822,0.005539321428571428,0.04855351621926687,0.005823,fixed_4h,205.9583070120023,4.119166140240046,10.0,10.0,0.0001717622810031294,-0.0008282377189968706,-0.17058243840807796,-0.017058243840807796,0.020595830701200232,16,0.04362761937478532,-0.00927516317416699,True,production,0.0,True,,1112.2380107679692,1112.2380107679692,1112.0674283295612
VETUSDT,confirmed,EXPERIMENT,VETUSDT:2026-07-27T18:45:00+00:00,2026-07-27 19:00:00+00:00,2026-07-27 19:15:00+00:00,2026-07-27 23:00:00+00:00,0.00463,0.00453375,0.020788336933045354,0.00453375,structural_stop,481.0389610389611,9.620779220779221,10.0,10.0,-0.02078833693304538,-0.021788336933045382,-10.481038961038974,-1.0481038961038975,0.048103896103896114,15,0.002159827213823018,-0.021814254859611082,True,production,0.0,True,,1112.0674283295612,1112.0674283295612,1101.586389368522
B2USDT,confirmed,EXPERIMENT,B2USDT:2026-07-28T03:00:00+00:00,2026-07-28 03:15:00+00:00,2026-07-28 03:30:00+00:00,2026-07-28 07:30:00+00:00,0.4425,0.426425,0.03632768361581922,0.4453,fixed_4h,275.2721617418351,5.505443234836702,10.0,10.0,0.006327683615819035,0.005327683615819035,1.4665629860030622,0.1466562986003062,0.027527216174183505,16,0.015141242937853017,-0.01016949152542379,True,production,0.0,True,,1101.586389368522,1101.586389368522,1103.0529523545251
PYTHUSDT,confirmed,EXPERIMENT,PYTHUSDT:2026-07-28T10:15:00+00:00,2026-07-28 10:30:00+00:00,2026-07-28 10:45:00+00:00,2026-07-28 13:45:00+00:00,0.04258,0.041728214285714285,0.020004361537945388,0.041728214285714285,structural_stop,499.8909853249474,9.997819706498948,10.0,10.0,-0.02000436153794538,-0.021004361537945382,-10.499890985324944,-1.0499890985324944,0.04998909853249474,12,0.004227336777830049,-0.02442461249412864,True,production,0.0,True,,1103.0529523545251,1103.0529523545251,1092.5530613692001
SPXUSDT,confirmed,EXPERIMENT,SPXUSDT:2026-07-29T13:15:00+00:00,2026-07-29 13:30:00+00:00,2026-07-29 13:45:00+00:00,2026-07-29 17:45:00+00:00,0.3268,0.32112857142857143,0.01735443259311062,0.3281,fixed_4h,576.221662468516,11.52443324937032,10.0,10.0,0.00397796817625462,0.0029779681762546204,1.715969773299772,0.1715969773299772,0.057622166246851604,16,0.017135862913096656,-0.00948592411260707,True,production,0.0,True,,1092.5530613692001,1092.5530613692001,1094.2690311425
1000TOSHIUSDT,confirmed,EXPERIMENT,1000TOSHIUSDT:2026-07-31T00:45:00+00:00,2026-07-31 01:00:00+00:00,2026-07-31 01:15:00+00:00,2026-07-31 05:15:00+00:00,0.10389,0.10262535714285714,0.01217290265803112,0.10405,fixed_4h,821.4967523298529,16.42993504659706,10.0,10.0,0.001540090480315781,0.0005400904803157811,0.4436825755436845,0.044368257554368455,0.0821496752329853,16,0.008855520261815464,-0.006545384541341792,True,production,0.0,True,,1094.2690311425,1094.2690311425,1094.7127137180437
EDGEUSDT,confirmed,EXPERIMENT,EDGEUSDT:2026-07-31T02:30:00+00:00,2026-07-31 02:45:00+00:00,2026-07-31 03:00:00+00:00,2026-07-31 07:00:00+00:00,0.407,0.3841107142857143,0.05623903123903113,0.3958,fixed_4h,177.81245124044347,3.5562490248088694,10.0,10.0,-0.02751842751842748,-0.02851842751842748,-5.070931502574507,-0.5070931502574507,0.01778124512404435,16,0.004668304668304701,-0.04520884520884516,True,production,0.0,True,,1094.2690311425,1094.7127137180437,1089.6417822154692
VVVUSDT,confirmed,EXPERIMENT,VVVUSDT:2026-07-31T05:45:00+00:00,2026-07-31 06:00:00+00:00,2026-07-31 06:15:00+00:00,2026-07-31 07:45:00+00:00,12.277,12.067071428571428,0.017099337902465723,12.067071428571428,structural_stop,584.8179652943171,11.696359305886341,10.0,10.0,-0.01709933790246576,-0.018099337902465762,-10.58481796529434,-1.058481796529434,0.05848179652943171,6,0.0,-0.019630202818278097,True,production,0.0,True,,1094.7127137180437,1089.6417822154692,1079.0569642501748
HYPERUSDT,confirmed,EXPERIMENT,HYPERUSDT:2026-07-31T07:00:00+00:00,2026-07-31 07:15:00+00:00,2026-07-31 07:30:00+00:00,2026-07-31 08:15:00+00:00,0.06114,0.05852535714285714,0.04276484882471143,0.05852535714285714,structural_stop,233.83690752629423,4.6767381505258845,10.0,10.0,-0.04276484882471143,-0.04376484882471143,-10.233836907526294,-1.0233836907526295,0.023383690752629423,3,0.011939810271508033,-0.04759568204121689,True,production,0.0,True,,1089.6417822154692,1079.0569642501748,1068.8231273426486
ZBCNUSDT,confirmed,EXPERIMENT,ZBCNUSDT:2026-07-31T12:15:00+00:00,2026-07-31 12:30:00+00:00,2026-07-31 12:45:00+00:00,2026-07-31 16:45:00+00:00,0.0017528,0.001665025,0.050077019625741674,0.0018036,fixed_4h,199.6923953289661,3.9938479065793215,10.0,10.0,0.02898219990871742,0.02798219990871742,5.587832526345758,0.5587832526345758,0.01996923953289661,16,0.07382473756275676,-0.00296668188041993,True,production,0.0,True,,1068.8231273426486,1068.8231273426486,1074.4109598689943
AVAAIUSDT,confirmed,EXPERIMENT,AVAAIUSDT:2026-07-31T14:00:00+00:00,2026-07-31 14:15:00+00:00,2026-07-31 14:30:00+00:00,2026-07-31 18:30:00+00:00,0.007353,0.007174821428571428,0.024232091857550955,0.007497,fixed_4h,412.67588695129115,8.253517739025822,10.0,10.0,0.019583843329253448,0.018583843329253447,7.669104028863502,0.7669104028863502,0.041267588695129115,16,0.041615667074663465,-0.002855977152182776,True,production,0.0,True,,1068.8231273426486,1074.4109598689943,1082.0800638978578
SHELLUSDT,confirmed,EXPERIMENT,SHELLUSDT:2026-07-31T14:00:00+00:00,2026-07-31 14:15:00+00:00,2026-07-31 14:30:00+00:00,2026-07-31 18:30:00+00:00,0.01827,0.017889642857142857,0.020818672296504876,0.01812,fixed_4h,480.33802816901255,9.60676056338025,10.0,10.0,-0.008210180623973717,-0.009210180623973718,-4.423999999999982,-0.44239999999999813,0.048033802816901255,16,0.003831417624520883,-0.01587301587301604,True,production,0.0,True,,1068.8231273426486,1082.0800638978578,1077.6560638978578
VVVUSDT,confirmed,EXPERIMENT,VVVUSDT:2026-07-31T14:00:00+00:00,2026-07-31 14:15:00+00:00,2026-07-31 14:30:00+00:00,2026-07-31 18:30:00+00:00,12.007,11.665178571428571,0.028468512415376738,11.786,fixed_4h,351.2652805349494,7.025305610698988,10.0,10.0,-0.018405929874240057,-0.019405929874240058,-6.816629401316489,-0.681662940131649,0.03512652805349494,16,0.005330224035978937,-0.021487465645040338,True,production,0.0,True,,1068.8231273426486,1077.6560638978578,1070.8394344965413
NXPCUSDT,confirmed,EXPERIMENT,NXPCUSDT:2026-08-01T02:00:00+00:00,2026-08-01 02:15:00+00:00,2026-08-01 02:30:00+00:00,2026-08-01 06:30:00+00:00,0.2515,0.247925,0.014214711729622246,0.2554,fixed_4h,703.4965034965045,14.06993006993009,10.0,10.0,0.015506958250496972,0.01450695825049697,10.205594405594386,1.0205594405594387,0.07034965034965045,16,0.0330019880715704,0.0,True,production,0.0,True,,1070.8394344965413,1070.8394344965413,1081.0450289021358
EDGEUSDT,confirmed,EXPERIMENT,EDGEUSDT:2026-08-01T02:45:00+00:00,2026-08-01 03:00:00+00:00,2026-08-01 03:15:00+00:00,2026-08-01 07:15:00+00:00,0.3634,0.3548071428571429,0.02364572686531955,0.3632,fixed_4h,422.9093931837083,8.458187863674166,10.0,10.0,-0.0005503577325260967,-0.0015503577325260967,-0.6556608478802814,-0.06556608478802814,0.04229093931837083,16,0.044303797468354444,-0.02256466703357174,True,production,0.0,True,,1070.8394344965413,1081.0450289021358,1080.3893680542556
CLANKERUSDT,confirmed,EXPERIMENT,CLANKERUSDT:2026-08-05T01:15:00+00:00,2026-08-05 01:30:00+00:00,2026-08-05 01:45:00+00:00,2026-08-05 05:45:00+00:00,12.238,12.099857142857143,0.011288025587747708,12.352,fixed_4h,885.8945191313385,17.71789038262677,10.0,10.0,0.00931524758947555,0.00831524758947555,7.3664322647364635,0.7366432264736463,0.08858945191313385,16,0.010949501552541374,-0.008579833306095797,True,production,0.0,True,,1080.3893680542556,1080.3893680542556,1087.755800318992
SAPIENUSDT,confirmed,EXPERIMENT,SAPIENUSDT:2026-08-05T04:15:00+00:00,2026-08-05 04:30:00+00:00,2026-08-05 04:45:00+00:00,2026-08-05 08:45:00+00:00,0.07865,0.07703392857142856,0.02054763418399795,0.0798,fixed_4h,486.67403314916817,9.733480662983363,10.0,10.0,0.014621741894469187,0.013621741894469186,6.629348066298309,0.662934806629831,0.04866740331491682,16,0.01919898283534649,-0.0006357279084551193,True,production,0.0,True,,1080.3893680542556,1087.755800318992,1094.3851483852902
COTIUSDT,confirmed,EXPERIMENT,COTIUSDT:2026-08-06T03:00:00+00:00,2026-08-06 03:15:00+00:00,2026-08-06 03:30:00+00:00,2026-08-06 07:30:00+00:00,0.013743,0.011905535714285714,0.13370183262128255,0.015293,fixed_4h,74.79329044296293,1.4958658088592585,10.0,10.0,0.11278469038783379,0.11178469038783378,8.360744815253938,0.8360744815253938,0.007479329044296292,16,0.1409444808266025,-0.016517499818089143,True,production,0.0,True,,1094.3851483852902,1094.3851483852902,1102.745893200544
AIOUSDT,confirmed,EXPERIMENT,AIOUSDT:2026-08-06T08:15:00+00:00,2026-08-06 08:30:00+00:00,2026-08-06 08:45:00+00:00,2026-08-06 12:45:00+00:00,0.0365,0.03516357142857143,0.03661448140900178,0.03861,fixed_4h,273.11598075895375,5.462319615179075,10.0,10.0,0.05780821917808221,0.05680821917808221,15.515232495991528,1.5515232495991527,0.027311598075895376,16,0.06684931506849323,-0.006301369863013773,True,production,0.0,True,,1102.745893200544,1102.745893200544,1118.2611256965356
10000SATSUSDT,confirmed,EXPERIMENT,10000SATSUSDT:2026-08-08T05:30:00+00:00,2026-08-08 05:45:00+00:00,2026-08-08 06:00:00+00:00,2026-08-08 10:00:00+00:00,9.973e-05,9.644107142857143e-05,0.032978327197719544,0.00010142,fixed_4h,303.2294494516235,6.06458898903247,10.0,10.0,0.016945753534543417,0.015945753534543416,4.83522206537088,0.483522206537088,0.030322944945162356,16,0.023764163240750147,-0.0004010829238944025,True,production,0.0,True,,1118.2611256965356,1118.2611256965356,1123.0963477619064
ZBTUSDT,confirmed,EXPERIMENT,ZBTUSDT:2026-08-09T00:00:00+00:00,2026-08-09 00:15:00+00:00,2026-08-09 00:30:00+00:00,2026-08-09 04:30:00+00:00,0.10593,0.09761892857142856,0.0784581462151556,0.10566,fixed_4h,127.45649091143478,2.5491298182286957,10.0,10.0,-0.002548853016142716,-0.003548853016142716,-0.452324352198012,-0.0452324352198012,0.012745649091143478,16,0.03908241291418868,-0.03171905975644296,True,production,0.0,True,,1123.0963477619064,1123.0963477619064,1122.6440234097083
GPSUSDT,confirmed,EXPERIMENT,GPSUSDT:2026-08-11T17:15:00+00:00,2026-08-11 17:30:00+00:00,2026-08-11 17:45:00+00:00,2026-08-11 21:45:00+00:00,0.009501,0.009081357142857143,0.0441682830378758,0.009491,fixed_4h,226.40680851063783,4.528136170212757,10.0,10.0,-0.0010525207872856823,-0.0020525207872856823,-0.46470468085109307,-0.04647046808510931,0.022640680851063785,16,0.009051678770655602,-0.01536680349436903,True,production,0.0,True,,1122.6440234097083,1122.6440234097083,1122.1793187288572
AVAAIUSDT,confirmed,EXPERIMENT,AVAAIUSDT:2026-08-12T05:30:00+00:00,2026-08-12 05:45:00+00:00,2026-08-12 06:00:00+00:00,2026-08-12 10:00:00+00:00,0.008571,0.008344785714285714,0.026392986315982518,0.010281,fixed_4h,378.8885380486257,7.5777707609725145,10.0,10.0,0.1995099754987748,0.1985099754987748,75.2131544047993,7.521315440479929,0.03788885380486257,16,0.2189942830474858,-0.00268346750670867,True,production,0.0,True,,1122.1793187288572,1122.1793187288572,1197.3924731336565
EVAAUSDT,confirmed,EXPERIMENT,EVAAUSDT:2026-08-12T18:15:00+00:00,2026-08-12 18:30:00+00:00,2026-08-12 18:45:00+00:00,2026-08-12 22:45:00+00:00,0.7898,0.767825,0.027823499620156962,0.7889,fixed_4h,359.4084186575659,7.188168373151318,10.0,10.0,-0.0011395289946820597,-0.0021395289946820597,-0.7689647326506908,-0.07689647326506908,0.03594084186575659,16,0.005191187642441308,-0.00835654596100266,True,production,0.0,True,,1197.3924731336565,1197.3924731336565,1196.623508401006
HUMAUSDT,confirmed,EXPERIMENT,HUMAUSDT:2026-08-13T07:15:00+00:00,2026-08-13 07:30:00+00:00,2026-08-13 07:45:00+00:00,2026-08-13 11:45:00+00:00,0.01992,0.019602500000000002,0.01593875502008024,0.0198,fixed_4h,627.4015748031528,12.548031496063055,10.0,10.0,-0.0060240963855421326,-0.007024096385542133,-4.4069291338582675,-0.4406929133858268,0.06274015748031529,16,0.003514056224899642,-0.007028112449799284,True,production,0.0,True,,1196.623508401006,1196.623508401006,1192.2165792671476
FOGOUSDT,confirmed,EXPERIMENT,FOGOUSDT:2026-08-14T14:00:00+00:00,2026-08-14 14:15:00+00:00,2026-08-14 14:30:00+00:00,2026-08-14 18:30:00+00:00,0.008423,0.008258678571428571,0.01950865826563322,0.008486,fixed_4h,512.5929145837861,10.251858291675722,10.0,10.0,0.007479520360916592,0.006479520360916592,3.321356226907221,0.3321356226907221,0.051259291458378604,16,0.02148878071945859,-0.014721595631010276,True,production,0.0,True,,1192.2165792671476,1192.2165792671476,1195.5379354940549
STABLEUSDT,confirmed,EXPERIMENT,STABLEUSDT:2026-08-15T19:15:00+00:00,2026-08-15 19:30:00+00:00,2026-08-15 19:45:00+00:00,2026-08-15 23:45:00+00:00,0.03129,0.03055642857142857,0.023444277039674888,0.0311,fixed_4h,426.5433300876347,8.530866601752694,10.0,10.0,-0.0060722275487375965,-0.0070722275487375965,-3.016611489776044,-0.3016611489776044,0.042654333008763465,16,0.024928092042186156,-0.007350591243208582,True,production,0.0,True,,1195.5379354940549,1195.5379354940549,1192.5213240042788
COREUSDT,confirmed,EXPERIMENT,COREUSDT:2026-08-15T23:15:00+00:00,2026-08-15 23:30:00+00:00,2026-08-15 23:45:00+00:00,2026-08-16 03:00:00+00:00,0.02052,0.019868571428571426,0.031746031746031855,0.019868571428571426,structural_stop,314.9999999999989,6.2999999999999785,10.0,10.0,-0.031746031746031855,-0.032746031746031856,-10.315,-1.0314999999999999,0.03149999999999989,13,0.01998050682261221,-0.04580896686159841,True,production,0.0,True,,1192.5213240042788,1192.5213240042788,1182.2063240042787
ZBCNUSDT,confirmed,EXPERIMENT,ZBCNUSDT:2026-08-17T14:00:00+00:00,2026-08-17 14:15:00+00:00,2026-08-17 14:30:00+00:00,2026-08-17 18:30:00+00:00,0.0015708,0.0015221714285714285,0.030957837680526838,0.0015948,fixed_4h,323.01997649823653,6.4603995299647305,10.0,10.0,0.015278838808250539,0.014278838808250538,4.612350176263196,0.46123501762631963,0.03230199764982365,16,0.01674306086070798,-0.0024191494779729483,True,production,0.0,True,,1182.2063240042787,1182.2063240042787,1186.8186741805418
TNSRUSDT,confirmed,EXPERIMENT,TNSRUSDT:2026-08-18T06:00:00+00:00,2026-08-18 06:15:00+00:00,2026-08-18 06:30:00+00:00,2026-08-18 08:45:00+00:00,0.03137,0.030957500000000002,0.013149505897354148,0.030957500000000002,structural_stop,760.4848484848492,15.209696969696983,10.0,10.0,-0.013149505897354197,-0.014149505897354198,-10.760484848484888,-1.0760484848484886,0.07604848484848492,9,0.0006375518010837133,-0.013707363723302612,True,production,0.0,True,,1186.8186741805418,1186.8186741805418,1176.058189332057
COTIUSDT,confirmed,EXPERIMENT,COTIUSDT:2026-08-18T12:15:00+00:00,2026-08-18 12:30:00+00:00,2026-08-18 12:45:00+00:00,2026-08-18 16:45:00+00:00,0.010087,0.009758142857142858,0.03260207622257786,0.009894,fixed_4h,306.72893136403127,6.134578627280625,10.0,10.0,-0.01913353821750774,-0.02013353821750774,-6.175538662033032,-0.6175538662033032,0.030672893136403128,16,0.021810250817884347,-0.023099038366213964,True,production,0.0,True,,1176.058189332057,1176.058189332057,1169.882650670024
KGENUSDT,confirmed,EXPERIMENT,KGENUSDT:2026-08-19T00:00:00+00:00,2026-08-19 00:15:00+00:00,2026-08-19 00:30:00+00:00,2026-08-19 03:00:00+00:00,0.1748,0.17132499999999998,0.019879862700229026,0.17132499999999998,structural_stop,503.0215827338081,10.060431654676162,10.0,10.0,-0.019879862700229012,-0.020879862700229013,-10.503021582733801,-1.0503021582733802,0.05030215827338081,10,0.0005720823798627261,-0.020594965675057364,True,production,0.0,True,,1169.882650670024,1169.882650670024,1159.3796290872904
1000TAGUSDT,confirmed,EXPERIMENT,1000TAGUSDT:2026-08-23T02:15:00+00:00,2026-08-23 02:30:00+00:00,2026-08-23 02:45:00+00:00,2026-08-23 06:45:00+00:00,0.8493,0.8171678571428571,0.03783367815511944,0.8675,fixed_4h,264.31477159052946,5.286295431810589,9.999999999999998,10.0,0.021429412457317776,0.020429412457317775,5.399795487384665,0.5399795487384665,0.02643147715905295,16,0.0463911456493582,-0.006946897444954692,True,production,0.0,True,,1159.3796290872904,1159.3796290872904,1164.779424574675
HOMEUSDT,confirmed,EXPERIMENT,HOMEUSDT:2026-08-24T00:30:00+00:00,2026-08-24 00:45:00+00:00,2026-08-24 01:00:00+00:00,2026-08-24 05:00:00+00:00,0.006259,0.006044107142857143,0.03433341702234496,0.006267,fixed_4h,291.2614259597807,5.825228519195614,10.0,10.0,0.0012781594503914473,0.0002781594503914473,0.08101711816520181,0.00810171181652018,0.02912614259597807,16,0.024285029557437277,-0.02907812749640515,True,production,0.0,True,,1164.779424574675,1164.779424574675,1164.8604416928401
ACEUSDT,confirmed,EXPERIMENT,ACEUSDT:2026-08-26T15:15:00+00:00,2026-08-26 15:30:00+00:00,2026-08-26 15:45:00+00:00,2026-08-26 19:45:00+00:00,0.2118,0.20112214285714286,0.05041481181707804,0.21254,fixed_4h,198.35440497692178,3.9670880995384357,10.0,10.0,0.0034938621340887543,0.0024938621340887543,0.4946685397016512,0.04946685397016512,0.01983544049769218,16,0.014494806421152084,-0.015722379603399395,True,production,0.0,True,,1164.8604416928401,1164.8604416928401,1165.3551102325418
BLUAIUSDT,confirmed,EXPERIMENT,BLUAIUSDT:2026-08-28T11:45:00+00:00,2026-08-28 12:00:00+00:00,2026-08-28 12:15:00+00:00,2026-08-28 15:45:00+00:00,0.012094,0.011870035714285713,0.018518627891044102,0.011870035714285713,structural_stop,539.9968107159903,10.799936214319805,10.0,10.0,-0.01851862789104408,-0.019518627891044082,-10.53999681071598,-1.053999681071598,0.053999681071599026,14,0.051595832644286466,-0.019513808500082663,True,production,0.0,True,,1165.3551102325418,1165.3551102325418,1154.8151134218258
GMTUSDT,confirmed,EXPERIMENT,GMTUSDT:2026-08-28T14:15:00+00:00,2026-08-28 14:30:00+00:00,2026-08-28 14:45:00+00:00,2026-08-28 16:15:00+00:00,0.007096,0.006889178571428571,0.02914619906587213,0.006889178571428571,structural_stop,343.0979105508547,6.861958211017094,10.0,10.0,-0.029146199065872125,-0.030146199065872126,-10.343097910550854,-1.0343097910550854,0.03430979105508547,6,0.0031003382187149153,-0.03720405862457721,True,production,0.0,True,,1165.3551102325418,1154.8151134218258,1144.472015511275
MEGAUSDT,confirmed,EXPERIMENT,MEGAUSDT:2026-08-28T14:15:00+00:00,2026-08-28 14:30:00+00:00,2026-08-28 14:45:00+00:00,2026-08-28 16:15:00+00:00,0.0388,0.037527500000000005,0.03279639175257721,0.037527500000000005,structural_stop,304.91159135560025,6.098231827112005,10.0,10.0,-0.0327963917525772,-0.033796391752577204,-10.3049115913556,-1.0304911591355599,0.030491159135560025,6,0.0028350515463917425,-0.03427835051546391,True,production,0.0,True,,1165.3551102325418,1144.472015511275,1134.1671039199193
TRUSTUSDT,confirmed,EXPERIMENT,TRUSTUSDT:2026-08-28T14:15:00+00:00,2026-08-28 14:30:00+00:00,2026-08-28 14:45:00+00:00,2026-08-28 16:15:00+00:00,0.05137,0.050285357142857146,0.021114324647515153,0.050285357142857146,structural_stop,473.61211722094333,9.472242344418866,10.0,10.0,-0.02111432464751517,-0.02211432464751517,-10.473612117220952,-1.0473612117220952,0.047361211722094336,6,0.0033093245084681033,-0.0237492700019466,True,production,0.0,True,,1165.3551102325418,1134.1671039199193,1123.6934918026984
STXUSDT,confirmed,EXPERIMENT,STXUSDT:2026-08-30T21:00:00+00:00,2026-08-30 21:15:00+00:00,2026-08-30 21:30:00+00:00,2026-08-30 23:30:00+00:00,0.2438,0.2374642857142857,0.02598734325559589,0.2374642857142857,structural_stop,384.8027057497186,7.6960541149943715,10.0,10.0,-0.02598734325559593,-0.02698734325559593,-10.384802705749733,-1.0384802705749734,0.03848027057497186,8,0.00041017227235440323,-0.03322395406070544,True,production,0.0,True,,1123.6934918026984,1123.6934918026984,1113.3086890969487
SUPERUSDT,confirmed,EXPERIMENT,SUPERUSDT:2026-08-30T21:00:00+00:00,2026-08-30 21:15:00+00:00,2026-08-30 21:30:00+00:00,2026-08-30 23:30:00+00:00,0.10861,0.10668321428571428,0.01774040801294277,0.10668321428571428,structural_stop,563.6848934198332,11.273697868396663,10.0,10.0,-0.017740408012942743,-0.018740408012942744,-10.563684893419818,-1.0563684893419818,0.05636848934198332,8,0.0018414510634381376,-0.022926065739802937,True,production,0.0,True,,1123.6934918026984,1113.3086890969487,1102.7450042035289
ESPUSDT,confirmed,EXPERIMENT,ESPUSDT:2026-08-30T21:00:00+00:00,2026-08-30 21:15:00+00:00,2026-08-30 21:30:00+00:00,2026-08-31 00:00:00+00:00,0.07948,0.07769,0.022521389028686462,0.07769,structural_stop,444.0223463687151,8.880446927374301,10.0,10.0,-0.0225213890286865,-0.0235213890286865,-10.444022346368733,-1.0444022346368733,0.044402234636871506,10,0.014846502264720618,-0.027805737292400434,True,production,0.0,True,,1123.6934918026984,1102.7450042035289,1092.3009818571602
10000SATSUSDT,confirmed,EXPERIMENT,10000SATSUSDT:2026-09-01T13:00:00+00:00,2026-09-01 13:15:00+00:00,2026-09-01 13:30:00+00:00,2026-09-01 17:30:00+00:00,0.00010791,0.00010619535714285714,0.015889564054701714,0.0001077,fixed_4h,629.3438866902711,12.586877733805423,10.0,10.0,-0.0019460661662497047,-0.0029460661662497048,-1.8540887315142955,-0.18540887315142957,0.0629343886690271,16,0.021036048558984444,-0.00889630247428419,True,production,0.0,True,,1092.3009818571602,1092.3009818571602,1090.4468931256458
CLANKERUSDT,confirmed,EXPERIMENT,CLANKERUSDT:2026-09-02T01:45:00+00:00,2026-09-02 02:00:00+00:00,2026-09-02 02:15:00+00:00,2026-09-02 06:15:00+00:00,12.432,12.268071428571428,0.013186017650303436,12.638,fixed_4h,758.3790849673162,15.167581699346323,10.0,10.0,0.016570141570141583,0.015570141570141582,11.808069716775545,1.1808069716775544,0.07583790849673162,16,0.023970398970398987,-0.0006435006435007162,True,production,0.0,True,,1090.4468931256458,1090.4468931256458,1102.2549628424213
AWEUSDT,confirmed,EXPERIMENT,AWEUSDT:2026-09-02T10:45:00+00:00,2026-09-02 11:00:00+00:00,2026-09-02 11:15:00+00:00,2026-09-02 15:15:00+00:00,0.06288,0.06090857142857143,0.031352235550708894,0.06141,fixed_4h,318.9565217391298,6.379130434782597,10.0,10.0,-0.023377862595419963,-0.024377862595419963,-7.775478260869587,-0.7775478260869587,0.031895652173912985,16,0.010337150127226469,-0.023536895674300284,True,production,0.0,True,,1102.2549628424213,1102.2549628424213,1094.4794845815518
BIOUSDT,confirmed,EXPERIMENT,BIOUSDT:2026-09-02T21:45:00+00:00,2026-09-02 22:00:00+00:00,2026-09-02 22:15:00+00:00,2026-09-03 02:15:00+00:00,0.02566,0.024968214285714285,0.026959692684556284,0.0259,fixed_4h,370.9241094475994,7.418482188951987,10.0,10.0,0.009353078721745955,0.008353078721745955,3.09835828600931,0.309835828600931,0.03709241094475994,16,0.02104442712392829,-0.019485580670304037,True,production,0.0,True,,1094.4794845815518,1094.4794845815518,1097.577842867561
LIGHTUSDT,confirmed,EXPERIMENT,LIGHTUSDT:2026-09-03T03:45:00+00:00,2026-09-03 04:00:00+00:00,2026-09-03 04:15:00+00:00,2026-09-03 08:15:00+00:00,0.17071,0.1645567857142857,0.036044837945722594,0.1739,fixed_4h,277.4322363456954,5.548644726913908,10.0,10.0,0.018686661589830678,0.017686661589830677,4.906850078356237,0.4906850078356237,0.02774322363456954,16,0.03245269755726077,-0.011540038662058438,True,production,0.0,True,,1097.577842867561,1097.577842867561,1102.4846929459172
FORMUSDT,confirmed,EXPERIMENT,FORMUSDT:2026-09-08T02:30:00+00:00,2026-09-08 02:45:00+00:00,2026-09-08 03:00:00+00:00,2026-09-08 07:00:00+00:00,0.2587,0.2476392857142857,0.042754983709757576,0.3274,fixed_4h,233.89086212463675,4.677817242492735,10.0,10.0,0.26555856204097417,0.26455856204097417,61.87783015821765,6.187783015821765,0.02338908621246368,16,0.3645148821028219,-0.009277155005798288,True,production,0.0,True,,1102.4846929459172,1102.4846929459172,1164.3625231041349
